y,uncertainty_y,x,uncertainty_x
6.328,0.005,0.02896,0.00005797
6.381,0.005,0.002371,0.00004792
6.402,0.005,0.000241,0.00000532
6.397,0.005,0.000063,0.00000176