y,uncertainty_y,x,uncertainty_x
6.391,0.005,0.02901,0.00010802
6.396,0.005,0.002374,0.000054748
6.399,0.005,0.000238,0.000050476
6.398,0.005,0.00006242,0.0000501248